ID,NUMBER,NAME,SEX,BIRTHDAY,TEL,CTCT_NAME,CTCT_ADDR,CTCT_TEL,PSPT_NO,PSPT_DATE,PSPT_NAME,RENTAL,EMAIL,HIRE
1,WAP00001,PLOWCTEIA PPYZIWISU,1,1942-11-2,986-754-909,XQTMP,GTNBM,820-315-935,UJOERTWT,1963-6-11,JOREHARLX,3,elytt@mkglnae.com,0
2,WAP00002,OVXVUKP NQYSLZYK,2,1945-1-18,513-484-322,UIKNC,MZGFXLTUV,810-886-583,RQWPIQ,1946-11-18,MHOXMRNO,3,dqahtm@ctfccup.com,1
3,WAP00003,XMGOJOIKF BJRLPT,1,1946-10-18,930-77-609,YEIXIRSRZ,CNMBGL,18-234-855,XEUYLHZFN,1976-1-19,IRFATH,3,ddwydvz@huwrqud.com,1
4,WAP00004,OTGJPVJ SWLBFL,1,1965-1-4,293-567-428,CIWQFWP,ZFXPGSTR,234-33-219,DAIYDNPG,1951-8-30,ROMXNVQM,3,dwawkyqqr@svmgogfii.com,1
5,WAP00005,ZEVXE UFQWK,1,1964-8-25,209-399-386,VRLZXBWU,YNDSE,458-905-72,APONII,1963-5-27,TWQJLJAMR,4,yqlrpy@psulzv.com,1
6,WAP00006,KZXDPJMD HLDBWKQ,2,1954-6-4,937-420-474,HWODYWXCW,LNUXDN,781-83-154,SONDZ,1946-5-7,KTHBTQW,3,gnaggrut@wswlrgzqp.com,1
7,WAP00007,YVQNBKZA QVIHWZ,2,1961-8-25,313-631-995,HWKGYRSEE,VQSUYRDQH,327-813-512,ZZRNPQ,1950-5-26,EQJCK,4,cjiij@uytgae.com,1
8,WAP00008,GEJUVZ KESIPPRRH,1,1953-7-19,118-576-896,UXOEUYETY,YJXVABCLZ,702-455-726,VMVCC,1950-7-18,EFACF,3,crpcbv@kcudabcab.com,1
9,WAP00009,RENXJOIXO VFTFUE,1,1945-10-9,325-73-533,QEGWEU,MHLEDQU,188-47-763,GOONJXCC,1940-6-3,KMAGUDK,4,hqvovgi@vjtmmdury.com,1
10,WAP00010,ODBSCR CYYBOH,1,1962-6-29,705-24-245,CEWQDFFQQ,DICAEPHWF,313-378-267,AELFJWJ,1945-6-20,PKSDFOW,4,vsntdeeau@juqjjol.com,0
11,WAP00011,RKXXSHZ HAWAJAH,2,1962-12-3,293-587-126,WTIWYUBGF,QBXLDVM,269-362-784,UWWEZSV,1961-9-25,GVNPZGW,4,fevpcmnbl@rnbvgbs.com,1
12,WAP00012,VXEXSM VFRXXZVE,2,1949-2-1,592-900-615,XALUML,ITOCLZ,213-847-510,WBJOZQ,1975-12-13,HICWMN,3,qfsudxtxi@kalfsawe.com,0
13,WAP00013,ZKKBAHUHV HTSBF,1,1945-8-23,284-633-282,BIJHSRJ,FLFVGPKRO,419-29-66,ZWZLMQF,1962-9-9,AAURRNLQX,3,xddlntq@vdzevftu.com,0
14,WAP00014,UGZJNK NZNKXY,2,1944-11-16,510-761-11,IBHROFYR,ACPYPJJBQ,624-64-833,RMDKMK,1968-5-30,GYGMZ,3,gpynufcm@qbkyagep.com,0
15,WAP00015,LWHGQYZUV GNKJMY,2,1944-6-29,981-382-410,RUALNTRYA,HETONX,718-884-74,RMGMLOLQM,1958-4-8,KRKRSPCNM,4,dkodn@uelenuz.com,1
16,WAP00016,LTZDS CXREPC,1,1971-1-22,6-835-860,CGRPGNR,YUFAICJ,815-40-787,CXJMYNU,1972-9-28,BCDECOP,4,kkytswnfd@smptw.com,0
17,WAP00017,FEBIGPONP BDZRISVF,1,1978-12-30,718-561-104,HTLQDIGD,MEDPBDMI,595-862-822,NWDGGFF,1962-11-8,ZYYHLAIB,3,uhjod@zmuvj.com,0
18,WAP00018,WPVHWC YAFCDG,1,1947-6-17,811-920-239,WEFFBF,XPBUYA,471-753-38,WQTYSRU,1949-12-24,TTJXPY,4,ylcpp@rxpifvch.com,0
19,WAP00019,WFCOEJMDU XGMTSUZ,2,1954-1-17,19-96-740,VXWBZI,QKRPSP,864-381-172,MAYHFRXL,1975-7-11,IMFDYKVR,3,ulfykas@xffbwbvj.com,0
20,WAP00020,AIRUECV PTXHFHAU,2,1962-8-7,385-612-686,KUOBAS,NWCFU,353-608-792,FJVBRUTSX,1966-2-22,XGTYPY,3,omcrurfyx@xmtrgq.com,1
21,WAP00021,KNRBIRSXP JPQFH,2,1973-5-30,28-768-857,PYTKAYG,RPOIF,374-690-231,CQVTOS,1961-10-7,TWIAZ,4,ftcvkm@xjwfr.com,0
22,WAP00022,DFPOOS BRKFO,1,1960-4-13,531-122-309,JYWBLUPTL,QGDUVTCA,408-344-580,CNRTFG,1979-6-12,VDSKOPY,3,ffjlull@iguhnmluw.com,0
23,WAP00023,EDHRU RJTGN,1,1972-4-6,921-413-243,JVLJUWNAL,AXMCF,235-366-362,RXXKZ,1979-3-5,JKIHYEOR,3,segccsyag@fwcnq.com,1
24,WAP00024,TIWQUC QJNRDB,2,1979-11-16,713-569-880,STFHJK,NZXCR,172-561-143,GIDGBQ,1964-12-2,WLVCHVEC,4,umptbbp@xoayyfibf.com,1
25,WAP00025,FJJJHWRGZ RCPQBKYKN,1,1974-6-30,629-144-807,ZBNAZM,ZEUVTJ,367-975-939,PYWMZLAVK,1952-1-10,QJIAXJ,3,jmuuoumw@raqdvo.com,0
26,WAP00026,WXPNKZ DNSCILNH,1,1954-2-14,780-62-999,IWERCV,PWQKZL,480-832-446,SOSIYK,1953-4-13,VBBPP,4,xtkyqk@alcvjv.com,0
27,WAP00027,AZACK ATASAAL,2,1949-11-17,148-281-208,ORVIO,AGHVHGBWJ,223-909-805,JXGNZGTV,1950-10-21,VEWRQYTTR,4,vrmap@wzhpxd.com,1
28,WAP00028,KQHKLGN WFPKB,2,1965-2-19,160-356-96,CDDQSFT,TSTLN,341-421-387,OZIXIXD,1970-7-23,MKVBKJ,4,ikyjanj@cfmvkps.com,1
29,WAP00029,UPRKLEJ EGVOUPRTU,2,1949-9-20,264-432-994,UXMOFULMJ,JAIUSALPG,335-179-939,WCRDDDRU,1954-4-15,QGGCXQXWK,3,gejnoz@rludlxacv.com,1
30,WAP00030,ARDDWENRA FRSQB,2,1961-9-19,758-635-572,JWVDYEYGZ,QHKCN,294-796-866,MYOMPRRXI,1975-9-11,NOUDL,3,xihsqfqv@jnvwds.com,0
31,WAP00031,SOEYVFU PYUNSHYT,1,1963-2-10,861-964-266,HCJAD,NWCPFEUZW,953-487-973,UVSCHJH,1969-8-20,HDBEAIC,3,dhrnw@cecovdpu.com,1
32,WAP00032,MRPOX LPNUMILT,1,1962-6-6,640-461-983,XYVQBZMA,ZSAYUYV,932-843-254,LRCXLUXY,1959-8-8,QRCFA,4,dfexyh@spdiaorye.com,0
33,WAP00033,NHGSEIDDK RWTMCSNVB,2,1973-1-28,19-91-999,ZSCMOZXKB,NZYJV,154-755-162,BBUGFIOP,1964-6-25,VAJIKBL,4,rarqru@bczkt.com,0
34,WAP00034,HMNEFLSKJ KXYREV,2,1949-2-4,989-182-378,MTCFL,IBQRVWJP,301-334-784,ANBMJRNJ,1979-6-4,VRGQNV,3,gvganea@okrjsuqf.com,0
35,WAP00035,EHWBD HEKWYCW,2,1963-10-26,808-168-860,RWLMX,WOIFOJ,655-181-886,WMCWV,1975-8-19,TAHJWII,3,mlfri@igfzgv.com,1
36,WAP00036,VNUJS ZLANMFUOX,1,1940-9-9,521-961-118,ALACEP,CCOADZHN,772-755-296,DLNTKRKZT,1940-5-18,EERARIS,3,vwikxvk@vhmdsoez.com,1
37,WAP00037,WOQCL PJYBQUL,2,1956-5-9,89-130-727,HJVNFBCSO,ZXEWHVN,957-167-913,KCPVYKK,1942-2-14,VQDHXI,4,szraifpf@aajlmbvur.com,1
38,WAP00038,RYVATK HGHGVO,2,1959-1-9,321-996-850,FWSPIFJPH,VXBPINIP,504-401-654,QVHGYXI,1947-8-17,GMMUEVVNK,4,qizuqezkf@fldxohybh.com,1
39,WAP00039,KRCGB HXJJOZXF,2,1975-1-30,67-920-865,HLOIWDSG,UCAHHW,233-375-964,ZFQMMTPZT,1964-8-21,UWIVPNOCH,3,nfmsk@yomgrxkvd.com,1
40,WAP00040,ZAUMFUP MCXSRJA,2,1978-12-19,525-925-56,BPAHQYN,XXGRFWBEL,849-762-316,FUGIK,1949-6-21,QJYKNAJCE,3,dbpzqsdj@njpxyhaf.com,1
41,WAP00041,EBTGH CCIXYS,2,1946-5-27,205-302-995,DGXHJMKHU,DHDZQVZL,142-472-516,SCLSLIREW,1963-1-1,CKZAQEUS,3,qquezcm@ybjnzvv.com,0
42,WAP00042,MSCTNPIQS OFARU,2,1976-4-5,279-976-962,NWUZXMM,OLHYU,967-697-215,FWXRBBGO,1973-5-21,PHMVSPYNW,3,vrijq@gewhz.com,1
43,WAP00043,DCDDK JZQLRMK,2,1960-1-22,451-459-795,YBYTFO,TEBGQY,353-37-91,FAMEXZL,1954-12-10,NXJNHE,3,mdbihrqq@xxujastzc.com,0
44,WAP00044,AAQPT TGXGVTNPZ,2,1954-5-6,563-148-760,ZCJHCKJ,ZSFFWE,463-684-285,GWISNAI,1943-7-30,OTYAUKDQ,4,oxwco@buzpigz.com,1
45,WAP00045,MCHDOMWH GTSNXPQ,1,1961-9-7,703-358-903,MFHQFUMB,IVWANGBD,60-371-387,OPTLLTMOL,1970-4-5,CYIRBQEW,3,vyxkajef@jukcmiycr.com,0
46,WAP00046,KTPQUK ZVVWPLL,2,1973-3-20,595-453-211,ODNEQY,HJUWFHEYO,271-126-751,ZRUXMJC,1978-9-21,OTDYYN,4,tpehwveh@wlzacptak.com,1
47,WAP00047,LEQAMVDH RVBZAYWRU,1,1943-11-14,292-612-491,XYIIEUB,KHIGOS,787-500-303,PVWIJBDQZ,1944-3-5,NFCKWILI,4,agydory@bweituq.com,0
48,WAP00048,GZSTCJ SWPGGSUDT,1,1950-6-15,477-305-996,MWJBJAWLK,XSJSFQM,208-766-306,AGZGOKP,1966-8-12,RUBBDJV,3,aylrmc@fduhl.com,0
49,WAP00049,QLNLFW QAOQI,2,1970-7-26,648-2-116,JSQUGHHZ,MVAGO,852-722-264,AFAPOQ,1948-10-12,NWEXLSP,3,yfpmkyy@hjfez.com,0
50,WAP00050,KPGBFFNV VIYBA,2,1943-9-18,145-254-705,UOOYH,EOHFLO,193-547-494,HPAIX,1978-1-4,MXAPKD,3,agnji@vnfdauzsz.com,1
51,WAP00051,TJKMQQUXA LRNTYS,1,1952-2-27,803-69-665,QFSVOTAB,JYFERUYO,92-918-504,VVDSQB,1967-1-24,HZHQDKKN,3,itpuhmfxi@eazbr.com,0
52,WAP00052,UMBTYRRNM RZEYCAHX,1,1975-4-29,614-589-285,ERDQYJYO,AOZGBIX,119-437-137,OOSEKLY,1961-2-2,BKGRMX,4,vqvmwe@usxnj.com,0
53,WAP00053,CELBSMKA NRPPEH,1,1964-10-5,39-198-774,KQRUSN,GBKFRDJ,523-874-906,AWEFEL,1970-12-22,FWJUCX,4,hvdqxjl@mkyjpqmgr.com,1
54,WAP00054,NYMFQZ WADAX,2,1975-10-9,697-624-248,JIAAJ,GZOWDYH,973-588-333,FSFIB,1973-8-13,MRGMSMD,3,xajvflode@hgnipnz.com,1
55,WAP00055,EQGIUKKVM FPANGVJZ,1,1968-3-27,576-131-972,IHGHF,FICWXWV,922-385-40,WLROBWFWP,1963-4-8,OAPHFS,4,rxezszu@scdlmn.com,0
56,WAP00056,ZMKNPIIP UCVFFPA,2,1940-1-6,283-678-389,GRBKXSWXP,QIGMCWQ,927-845-703,RCYGDU,1964-1-22,ANNMSPIG,3,xllnt@yfbfcplzq.com,1
57,WAP00057,BWJJGCP DIXGAFXBS,2,1943-8-18,395-544-246,KIKVU,WXMXRI,289-492-439,ZILUA,1973-3-25,JHENPVL,3,iwgtk@iliqabbi.com,1
58,WAP00058,APBPOKGT SOXAY,2,1949-1-8,244-612-386,DAJYNIVRY,WBGPDQTF,647-551-648,YTNOMC,1970-1-25,EWNRXPB,3,dcayfnz@xaieajq.com,1
59,WAP00059,FLJIFZ YXQTHBZT,2,1969-11-19,596-91-593,ISAKWDSF,FLGRPCXVE,338-724-189,EQHWZ,1961-1-30,PSIIYF,3,pyvmnwm@othsz.com,0
60,WAP00060,PQPMON MWPHRQQL,2,1944-2-6,457-807-350,GMEKVG,BNJOCMVYV,709-341-31,LTIIBAJV,1975-10-22,CHXLFFPC,4,bqdmeovx@midabm.com,1
